tweet_id,label
25800,joy
13738,anger
17016,joy
39361,anger
19389,anger
14822,anger
19737,anger
36145,anger
12865,anger
28558,joy
32184,trust
22538,anger
20497,anger
20032,joy
27674,anger
36726,joy
18543,anger
18581,joy
17656,surprise
40533,trust
21911,joy
27923,sadness
36602,joy
23731,sadness
43578,joy
21837,anger
43850,anger
30973,joy
20708,anger
28307,anger
27945,anger
12664,anger
4097,anger
14551,trust
16498,anger
9586,anger
25595,anger
16873,joy
24005,anger
10716,joy
18733,joy
16847,trust
33598,joy
13579,anger
13039,anger
41601,anger
13837,joy
15512,joy
27226,anger
16671,trust
35487,trust
20127,joy
30206,anger
1669,anger
26863,joy
21433,trust
13898,joy
29875,anger
13804,joy
19521,anger
19661,sadness
20564,anger
32379,joy
25956,joy
34589,anger
38877,joy
29780,anger
15341,anger
38112,anger
30717,joy
24432,sadness
17793,trust
19331,surprise
3115,anger
24609,anger
33238,trust
11637,joy
24078,joy
41666,anger
1637,anger
34380,joy
26182,anger
11746,anger
26546,anger
37367,anger
29765,anger
26691,anger
15565,sadness
4919,anger
26967,anger
40022,anger
37191,anger
26663,joy
4605,anger
21191,trust
20647,anger
21070,anger
42396,joy
8811,joy
12576,anger
13526,anger
28877,anger
6052,joy
25934,anger
34880,joy
14164,anger
18475,anger
16783,sadness
7507,anger
3066,joy
11096,joy
13410,anger
28456,anger
44051,joy
20680,joy
39587,joy
22661,anger
4937,joy
21456,joy
31620,anger
30575,anger
8099,sadness
39403,anger
9438,joy
29195,joy
15245,joy
7526,joy
13388,joy
15015,joy
5194,joy
19430,anger
13205,joy
27968,anger
4149,anger
629,anger
17590,anger
25705,anger
12794,joy
38761,joy
29314,joy
10003,anger
4866,joy
9579,joy
11420,anger
25365,anger
40341,joy
25493,trust
19717,sadness
14395,sadness
26702,joy
26205,joy
19417,anger
13427,joy
27104,joy
28357,joy
22260,anger
25870,anger
1706,anger
14232,joy
13389,anger
23377,anger
5935,joy
9428,joy
7493,joy
6649,anger
11127,anger
23754,anger
18788,anger
30183,trust
17479,anger
13166,anger
9524,sadness
23650,anger
28523,joy
14228,joy
1531,surprise
22793,anger
25195,sadness
1657,anger
12961,joy
12750,joy
2799,anger
21337,joy
17973,trust
15938,anger
34794,joy
26104,joy
43748,anger
34533,anger
24559,joy
42904,joy
22604,joy
8050,anger
16211,joy
16510,joy
30997,joy
9558,joy
35758,joy
5177,joy
26791,joy
40098,joy
22907,joy
22088,anger
26073,joy
505,joy
43461,anger
30624,anger
5085,anger
24649,anger
19807,joy
18319,anger
27948,anger
15741,joy
30354,sadness
24083,joy
34489,joy
18655,sadness
16311,anger
37735,sadness
32439,sadness
17767,joy
12559,fear
42690,anger
43119,joy
35030,anger
38477,anger
17190,anger
37152,anger
37637,anger
32328,sadness
41376,anger
37909,anger
12228,joy
16540,surprise
33438,anger
19961,surprise
12793,surprise
37730,joy
38953,anger
3167,anger
14269,anger
22479,sadness
41161,joy
2752,anger
17554,anger
44766,joy
10410,anger
16308,anger
22119,anger
26146,anger
7126,joy
3695,joy
20514,anger
27252,anger
15726,anger
14286,anger
4187,anger
38046,joy
8599,anger
38186,joy
16734,joy
13193,joy
33875,anger
39493,joy
35605,anger
16462,anger
35716,anger
31989,anger
31822,anger
35375,anger
1234,sadness
3028,sadness
15506,anger
11346,joy
41116,anger
26131,joy
15025,anger
33859,joy
28844,trust
17371,anger
16974,anger
14065,anger
34529,anger
34359,anger
13221,anger
19606,joy
20324,anger
32752,joy
21305,anger
43004,joy
17495,anger
7338,joy
28509,joy
19028,joy
37593,trust
6981,anger
4439,joy
28596,anger
11754,sadness
20846,anger
14087,joy
21985,anger
13170,joy
20458,trust
5537,anger
20832,anger
22940,joy
16676,anger
30979,surprise
36343,anger
37077,anger
26302,anger
15223,sadness
22380,joy
30494,sadness
16314,joy
1656,sadness
30272,anger
24106,sadness
27065,sadness
11013,anger
29485,anger
25437,anger
40171,trust
42797,anger
44536,sadness
19525,anger
2557,anger
17185,anger
2404,trust
29640,anger
24306,joy
44207,anger
26786,joy
27508,joy
40758,anger
26581,anger
19827,anger
17550,joy
4414,joy
25486,joy
10818,anger
41489,anger
29611,anger
27127,joy
18667,anger
33279,joy
19218,joy
24189,surprise
35058,sadness
30666,anger
15409,anger
32345,anger
43073,anger
4135,surprise
24111,trust
8118,joy
37754,anger
18203,joy
5931,anger
26765,joy
26366,trust
30213,anger
13144,joy
45022,anger
18338,anger
43997,anger
28137,anger
6122,joy
1550,joy
44327,trust
20027,anger
36095,anger
10669,anger
28044,trust
40086,trust
26937,anger
19391,joy
14631,joy
25776,trust
18166,joy
22373,joy
21904,joy
28759,joy
19065,joy
780,anger
36789,joy
25327,anger
150,joy
42940,anger
3200,joy
11528,anger
6687,joy
38414,joy
12115,anger
13049,joy
26700,anger
22401,anger
44449,surprise
8301,joy
37899,anger
40634,joy
41260,anger
17415,joy
27356,anger
33237,sadness
7901,anger
15471,sadness
33317,joy
14001,sadness
28290,joy
35558,joy
19450,anger
29624,joy
12946,anger
4651,sadness
15683,sadness
10990,anger
5192,joy
12730,joy
7293,trust
13720,anger
39933,anger
28669,anger
8002,joy
22524,joy
27534,sadness
15998,joy
26268,trust
2127,anger
441,joy
19555,joy
16553,joy
17329,anger
16162,anger
9384,anger
13627,joy
35047,joy
21858,anger
44142,anger
28424,anger
37422,anger
11016,joy
44627,joy
9187,anger
29451,anger
23434,anger
6185,anger
30353,anger
6946,anger
26148,anger
33426,joy
16764,anger
12747,anger
17762,joy
19884,joy
8936,anger
3240,sadness
31228,anger
2657,anger
21766,anger
5327,anger
29731,joy
14110,joy
20007,joy
35175,joy
24553,anger
29745,sadness
27281,surprise
14079,joy
6111,sadness
37752,anger
34015,joy
31414,sadness
22102,anger
14113,joy
21289,anger
31490,joy
12690,joy
17330,anger
16463,anger
27326,joy
37438,sadness
22165,anger
27847,anger
9995,joy
11730,anger
15606,anger
38175,anger
11709,joy
18566,anger
18748,joy
2840,trust
6150,anger
28068,joy
45050,anger
34562,anger
44882,anger
35969,joy
9663,anger
37917,joy
35500,anger
15126,surprise
5889,joy
8795,sadness
23398,anger
4405,joy
10353,surprise
18871,joy
24616,joy
12540,anger
14610,sadness
33962,anger
9479,joy
29854,anger
21538,anger
17594,joy
28371,anger
37125,anger
23068,anger
16030,joy
36417,anger
9039,anger
13075,anger
39785,anger
17591,joy
36498,joy
10732,anger
35954,joy
39910,joy
1003,joy
19054,joy
34455,joy
8227,joy
26473,anger
24678,trust
1854,joy
38503,joy
24676,anger
2828,anger
39782,trust
9619,anger
30329,joy
4722,joy
21764,joy
16849,joy
28747,anger
5232,joy
27714,anger
29965,anger
30062,anger
19436,anger
9000,anger
19369,anger
44806,joy
30001,joy
35483,joy
22778,anger
9357,joy
2989,joy
18693,joy
14864,joy
31561,anger
30264,joy
17593,anger
27552,joy
8190,anger
21182,joy
43438,joy
23841,joy
38602,anger
17679,anger
27929,anger
27743,anger
12858,anger
15867,joy
15678,joy
11990,anger
17263,sadness
20370,anger
27273,anger
40217,anger
21041,joy
42217,anger
16705,surprise
22904,anger
10116,anger
20314,anger
24508,anger
13728,joy
9556,anger
17823,joy
24411,anger
42932,anger
34884,joy
22064,anger
22287,anger
23891,fear
13648,anger
16792,anger
29626,anger
10160,anger
28677,sadness
9531,trust
43973,anger
29570,joy
4935,joy
24943,trust
3954,anger
42567,joy
33550,joy
37654,joy
37146,anger
25765,anger
24458,anger
23668,joy
28027,anger
13082,anger
29827,anger
27469,trust
24702,joy
38337,anger
36706,anger
5430,sadness
8857,anger
18727,joy
26520,anger
34451,trust
13512,anger
4873,sadness
22796,joy
2193,anger
19043,surprise
23967,joy
42117,joy
626,anger
7996,joy
955,joy
12833,joy
2116,anger
37106,joy
21953,trust
16260,anger
10292,joy
24594,anger
34795,joy
27250,anger
23828,joy
38350,joy
8257,joy
15270,anger
24583,joy
12550,joy
20790,joy
28629,anger
41018,anger
5523,anger
14680,anger
28445,joy
11977,joy
9715,trust
20119,joy
12943,joy
15967,anger
3659,anger
44712,anger
11126,anger
7226,anger
26750,sadness
11919,anger
14934,anger
19286,anger
15057,anger
8254,surprise
34000,anger
28351,anger
9555,anger
9441,sadness
10681,joy
45060,joy
44279,anger
6182,joy
11052,anger
30952,anger
37180,anger
9984,anger
28695,joy
18381,joy
42927,joy
34906,anger
9342,anger
28981,joy
35680,anger
19308,anger
24295,joy
6633,anger
14343,joy
26080,joy
619,surprise
18778,joy
31067,anger
2109,joy
17307,anger
29209,sadness
22440,anger
29231,anger
43062,joy
37147,joy
33987,trust
4417,sadness
21018,joy
8329,anger
19533,anger
41791,anger
1028,joy
22043,joy
331,joy
19031,anger
23969,anger
14002,trust
10276,anger
23940,joy
33882,anger
25834,joy
42776,surprise
4626,anger
19081,anger
16862,anger
13692,anger
27402,joy
16105,joy
20086,anger
1005,joy
44691,sadness
34135,joy
12707,joy
35426,joy
34350,sadness
23382,anger
36018,anger
12068,joy
6903,joy
18985,joy
26251,joy
45106,anger
31417,joy
37941,sadness
20181,sadness
11939,joy
38764,anger
1652,joy
5291,anger
27294,anger
23120,anger
37456,trust
13156,anger
17327,anger
11045,anger
462,anger
40697,sadness
15851,joy
43705,joy
34273,anger
25313,joy
3553,joy
2019,anger
22868,joy
34218,anger
8272,anger
35948,joy
21646,joy
19244,sadness
31204,anger
45012,surprise
17582,joy
44372,sadness
16758,anger
14516,trust
34732,joy
12379,anger
29297,anger
14266,joy
17279,joy
18744,sadness
19036,anger
24077,joy
22395,joy
26843,joy
2024,anger
15096,anger
7791,joy
18103,joy
43313,anger
6824,anger
19004,joy
29751,anger
24482,joy
19897,surprise
10832,joy
23926,joy
22739,joy
8814,anger
20600,sadness
30462,joy
22721,joy
13954,anger
6910,joy
5150,anger
1150,anger
37770,anger
14308,joy
14387,trust
35432,anger
36719,anger
15328,anger
303,anger
32209,anger
4171,joy
30253,anger
4208,anger
19338,anger
42766,joy
20594,joy
11122,joy
4020,joy
6068,joy
20593,anger
38348,anger
10614,joy
14368,joy
2667,sadness
12813,anger
37159,joy
27049,trust
8165,anger
16586,joy
5677,anger
15498,anger
8641,anger
26561,anger
20368,joy
17349,sadness
15785,anger
33895,joy
37213,joy
28989,anger
41943,anger
3315,sadness
5988,trust
28457,anger
5859,trust
39258,anger
14933,anger
12080,joy
2030,joy
18804,joy
37013,anger
39409,trust
28675,joy
28773,surprise
13281,anger
38371,sadness
26917,joy
13347,anger
9195,joy
17240,joy
14726,trust
13803,joy
28807,anger
41449,sadness
33970,trust
26998,anger
39745,anger
14853,joy
5337,anger
39468,anger
24,anger
3840,trust
35232,anger
17576,trust
19560,joy
25030,anger
12792,sadness
8307,anger
30219,joy
16716,joy
6224,anger
13618,joy
29099,joy
8159,anger
28198,anger
20253,joy
41639,joy
15945,joy
20190,anger
19886,joy
23486,anger
5600,trust
41895,joy
13430,joy
44402,joy
34162,joy
20321,joy
13441,joy
2033,sadness
3441,sadness
14322,anger
12395,joy
26301,sadness
9234,sadness
26642,anger
4982,joy
18364,sadness
23907,joy
35459,joy
30943,anger
44620,joy
19399,surprise
9294,joy
15372,anger
15505,joy
33445,anger
21419,joy
32385,anger
19208,joy
34243,trust
20881,joy
39918,surprise
27149,joy
19605,joy
14901,joy
873,joy
19016,anger
22044,anger
8447,anger
42494,anger
28024,joy
21803,anger
12142,anger
9244,joy
18493,anger
24261,joy
5777,anger
27259,joy
5808,anger
36584,sadness
16620,joy
43329,anger
17941,joy
14609,joy
41255,joy
26751,joy
17131,joy
10644,joy
1079,joy
42440,anger
32359,sadness
21010,anger
7326,trust
44715,joy
31189,anger
16289,joy
5383,joy
6690,sadness
9738,anger
13002,anger
41988,joy
44768,joy
37997,anger
25485,anger
9279,joy
13976,anger
22350,trust
15239,anger
38943,anger
31219,anger
9150,joy
40583,anger
18777,joy
4310,sadness
26368,joy
9535,sadness
5762,anger
13757,joy
14482,joy
14775,trust
40391,joy
20661,joy
25416,anger
27473,anger
28995,joy
35644,anger
37825,anger
19512,joy
15448,joy
14393,anger
2467,trust
25930,anger
26683,joy
26347,joy
13222,anger
26812,sadness
605,joy
7141,trust
6945,joy
27349,anger
34667,joy
16559,anger
24158,joy
1246,trust
7853,anger
31610,joy
301,sadness
43982,joy
43809,anger
9946,joy
18555,anger
44763,sadness
17672,joy
19110,joy
11472,anger
16590,error
26261,sadness
21806,anger
44077,anger
29540,surprise
11116,anger
11098,joy
21441,sadness
27133,joy
14990,anger
26009,surprise
22023,trust
16307,joy
10285,anger
37618,anger
10337,joy
28561,anger
20798,trust
20224,anger
44060,joy
25292,joy
12638,joy
14799,joy
25587,anger
41160,sadness
14481,joy
43252,trust
26774,anger
20627,joy
3467,trust
5053,trust
21918,anger
1917,joy
22413,anger
27367,joy
28616,anger
12179,trust
36738,joy
30066,anger
13062,joy
7702,joy
34966,trust
38547,sadness
14033,joy
30262,joy
14185,anger
43996,anger
25056,anger
23350,anger
36166,trust
25902,joy
33284,anger
14497,anger
21656,anger
7532,anger
31382,joy
16161,anger
7906,anger
28340,anger
25434,trust
26451,anger
28546,sadness
15354,joy
24177,sadness
12168,anger
28155,joy
35224,anger
9255,joy
14038,anger
26933,trust
26492,sadness
3565,anger
24614,joy
40630,sadness
18105,joy
41664,surprise
11530,anger
16829,anger
4371,joy
13054,sadness
2924,joy
31570,sadness
39241,joy
18062,anger
17450,anger
44046,error
35991,joy
32123,sadness
15625,joy
18945,anger
31290,anger
21000,joy
35516,sadness
41414,sadness
5201,anger
43051,joy
1593,anger
22522,sadness
33991,joy
40641,anger
2129,sadness
25909,anger
44982,joy
19069,joy
32381,surprise
35209,anger
7086,anger
27934,anger
17017,joy
30608,joy
35975,anger
15764,anger
8181,sadness
14295,anger
20312,joy
15210,surprise
20586,trust
28704,joy
14270,joy
25899,anger
32135,anger
28219,anger
32191,anger
9380,joy
39635,anger
44071,joy
33728,anger
8726,anger
5575,trust
14805,anger
41423,joy
2018,joy
6997,sadness
28041,anger
7971,anger
27052,anger
14540,anger
24483,anger
807,joy
3120,anger
15963,anger
39657,anger
18321,sadness
8601,sadness
22390,anger
12477,joy
28141,joy
22743,trust
37285,joy
23113,anger
18861,anger
10496,trust
44741,trust
28115,joy
6680,anger
1161,joy
13234,anger
13293,anger
20326,trust
7309,trust
28567,anger
28320,joy
19283,joy
18322,joy
26718,sadness
43592,anger
16557,anger
781,fear
24207,joy
39534,anger
37072,joy
14691,anger
25466,trust
28149,error
9010,joy
45074,anger
19900,anger
15007,anger
9539,error
3086,anger
16759,joy
3783,trust
13140,anger
43334,anger
32298,joy
9518,joy
41453,sadness
27313,anger
35017,joy
28274,anger
13782,anger
39016,trust
28339,surprise
8927,anger
36756,joy
6038,joy
39291,joy
28287,anger
42709,joy
3833,trust
37335,anger
19968,sadness
26806,joy
23081,joy
32635,joy
29659,joy
10479,joy
13827,anger
11811,anger
19116,joy
43631,anger
1450,anger
14487,anger
33902,joy
434,anger
6682,anger
28208,surprise
14776,anger
18098,anger
715,joy
38025,joy
13646,sadness
28529,joy
36490,anger
27336,surprise
36844,anger
1393,surprise
15651,trust
13206,joy
35827,joy
37904,joy
24151,anger
14744,surprise
14942,joy
33756,joy
28575,trust
44209,joy
11228,sadness
6415,anger
37041,anger
4941,anger
36041,joy
15613,anger
26164,joy
24172,trust
34074,anger
12439,anger
44460,fear
14882,anger
2716,anger
16696,anger
4864,anger
36151,sadness
5608,sadness
20149,joy
28234,anger
44277,joy
37302,joy
44092,joy
20172,joy
16210,anger
23213,joy
38709,joy
24853,anger
15711,joy
11477,joy
27343,anger
15750,joy
19825,joy
23245,joy
24663,joy
40840,joy
6191,joy
13091,trust
17866,trust
28224,sadness
26797,anger
41954,anger
6881,joy
19257,joy
20436,trust
20105,anger
30738,sadness
6275,joy
42077,anger
37942,trust
691,joy
13434,anger
27165,sadness
24325,joy
13051,joy
12359,anger
28472,anger
27832,joy
15207,anger
8588,joy
31231,surprise
12641,joy
19467,joy
33798,anger
23929,anger
32141,trust
13867,joy
11237,anger
30863,anger
43573,trust
3190,anger
1748,joy
42234,anger
11941,anger
21370,anger
23141,anger
11744,anger
36768,joy
8221,sadness
28144,joy
22703,joy
7323,anger
24507,joy
19274,anger
6928,anger
36625,anger
16174,anger
45086,sadness
27388,anger
30794,anger
9303,joy
9306,anger
1054,trust
4920,joy
30645,anger
16303,joy
30278,anger
41,anger
41575,anger
45272,joy
30178,surprise
26194,anger
13902,joy
15131,anger
8209,error
40934,anger
19444,sadness
22090,joy
14619,joy
19819,trust
31574,joy
24700,anger
21634,joy
8197,anger
32608,joy
14241,anger
13968,joy
16377,trust
29372,joy
15093,joy
2848,anger
2188,anger
16370,joy
37914,anger
8261,sadness
5556,anger
34458,anger
14029,joy
16867,anger
12154,joy
9450,anger
12985,joy
16299,trust
41803,anger
15694,anger
35703,trust
40233,trust
21629,joy
20518,joy
13591,anger
8592,anger
9440,joy
21362,joy
39684,anger
21393,joy
10390,joy
18046,joy
21879,anger
8029,joy
9186,joy
39916,anger
30025,joy
24422,joy
40060,joy
14109,joy
26105,sadness
34145,joy
1960,joy
42353,anger
37065,anger
28247,anger
36905,anger
20095,anger
29506,anger
40770,trust
22180,joy
31689,joy
24122,trust
15848,trust
101,joy
25971,anger
9373,trust
40708,joy
26112,anger
13924,sadness
14747,joy
24307,joy
26108,joy
43714,joy
8341,anger
24296,anger
24498,joy
2589,anger
25867,anger
2477,anger
10341,joy
27516,anger
22605,anger
20553,joy
40753,anger
6157,anger
24349,joy
25795,joy
12749,joy
12705,anger
15540,joy
16348,joy
10402,anger
28439,anger
41391,surprise
36688,joy
41397,joy
17501,anger
35442,trust
9569,anger
14793,joy
39366,anger
42349,joy
26001,anger
21005,anger
14397,anger
16078,anger
26784,anger
628,joy
32721,joy
1059,joy
13686,joy
3576,joy
8206,anger
39474,anger
25608,trust
20041,joy
15335,joy
18045,joy
33784,joy
12519,trust
32085,joy
19122,anger
24513,anger
45260,anger
35327,anger
14654,sadness
11761,joy
12204,trust
17018,anger
25815,anger
8880,sadness
15022,anger
14851,anger
24361,anger
25547,joy
13587,joy
17151,anger
32930,anger
30769,anger
38247,anger
36966,sadness
21669,anger
23505,anger
42699,joy
35463,anger
12468,anger
39453,surprise
15753,joy
7961,anger
22189,trust
7626,joy
13348,anger
9037,anger
21747,anger
30641,joy
2652,anger
25181,sadness
38487,anger
16283,anger
12082,trust
12600,joy
19979,joy
8722,anger
36196,joy
12922,anger
6193,joy
43593,anger
14697,joy
17728,anger
32551,anger
36737,anger
20535,sadness
4618,anger
21667,anger
37702,anger
26832,joy
43079,anger
5971,sadness
36957,anger
2893,trust
16070,anger
28360,joy
33181,anger
28719,joy
39721,joy
26562,anger
15979,joy
40361,anger
33983,joy
26180,sadness
34545,anger
39849,surprise
28816,trust
27005,anger
15014,joy
16539,trust
16566,joy
17169,joy
898,sadness
42306,joy
13629,sadness
40516,anger
16689,anger
28421,joy
18832,surprise
23641,joy
15927,joy
27162,joy
13983,surprise
11717,anger
29927,surprise
31988,sadness
27980,joy
36467,anger
38926,anger
26621,anger
16323,joy
15399,trust
36415,joy
11382,anger
6904,trust
12885,surprise
36310,anger
40742,trust
37216,trust
6490,joy
31726,joy
655,anger
10664,joy
12441,joy
8452,anger
16986,joy
14490,anger
32953,joy
27870,trust
19658,joy
18139,anger
43290,joy
21775,joy
16909,anger
22651,joy
17080,anger
16674,joy
24437,trust
5545,joy
24554,joy
17343,joy
44505,anger
14301,anger
17297,joy
12596,anger
36034,trust
29414,joy
38220,joy
14953,anger
40494,joy
9795,trust
30067,anger
24375,joy
20927,anger
12021,joy
19107,joy
5215,joy
23785,trust
26390,joy
42648,joy
32754,sadness
23289,trust
6210,anger
15849,anger
19861,joy
19679,anger
43414,joy
13792,anger
27058,anger
29120,joy
33478,joy
6949,sadness
28843,joy
3796,anger
42981,anger
29894,sadness
9711,joy
19070,joy
22320,anger
9786,joy
19726,anger
11391,anger
39823,joy
33723,anger
2747,joy
45200,anger
28489,sadness
14127,joy
4927,anger
11833,anger
14169,joy
39517,joy
32735,sadness
20150,joy
44661,anger
27549,anger
14692,surprise
19420,trust
28264,anger
15672,anger
8191,sadness
9389,joy
13295,anger
31946,trust
35486,anger
27306,joy
9379,surprise
44752,anger
8384,anger
27014,anger
13068,anger
35097,joy
9162,sadness
32056,joy
38169,joy
20643,anger
30274,anger
22131,sadness
8793,joy
19830,trust
851,joy
21313,anger
41299,anger
4545,anger
12515,anger
34723,sadness
20217,anger
20189,anger
13709,joy
7350,joy
38143,joy
30257,anger
30966,anger
18500,anger
20481,anger
15882,joy
14683,trust
16905,anger
10895,joy
27993,joy
16835,anger
32464,trust
38068,anger
42135,anger
20797,anger
16647,joy
28221,anger
18739,joy
11294,fear
12864,joy
26801,anger
8059,anger
35926,joy
28493,trust
37304,surprise
43716,joy
40717,surprise
44567,anger
9359,joy
25394,anger
43635,trust
10387,anger
20252,anger
7216,anger
18241,sadness
3523,anger
19024,joy
17194,anger
22187,anger
26316,joy
35015,joy
21899,joy
9092,joy
41885,sadness
18208,anger
20255,joy
36573,joy
41884,anger
29378,anger
19669,anger
13216,anger
24093,anger
11054,joy
13050,joy
18760,trust
8581,anger
28366,joy
23299,joy
15215,anger
26692,joy
28230,anger
16443,joy
37957,joy
18130,anger
19829,joy
32574,joy
27585,sadness
34148,anger
8659,anger
14633,anger
19595,anger
3081,joy
31722,anger
18306,joy
24337,joy
41680,joy
21359,anger
7871,joy
42649,sadness
18117,joy
23581,anger
15134,joy
34408,surprise
42424,joy
14558,anger
12560,sadness
15292,trust
13244,joy
40387,joy
23919,joy
25077,joy
26614,sadness
18860,joy
37646,sadness
16124,anger
16151,sadness
13514,anger
16718,anger
32105,sadness
22209,anger
36268,anger
24674,anger
45133,joy
36205,anger
17031,joy
18147,anger
33978,anger
30436,anger
33272,joy
41474,trust
24590,joy
25673,anger
30235,error
15326,joy
31489,anger
13096,trust
20590,surprise
19498,joy
29788,anger
43019,anger
18821,anger
18107,anger
32098,anger
43694,joy
39895,joy
38583,anger
43187,anger
36083,trust
7128,anger
22476,joy
23098,anger
16679,sadness
4645,anger
25996,anger
8740,anger
23164,joy
16409,joy
25332,anger
33655,anger
4324,anger
22541,anger
20617,joy
24790,anger
1051,joy
31169,joy
7878,anger
16576,anger
36873,trust
14736,anger
35607,error
31485,sadness
34626,sadness
21894,anger
15000,anger
21219,anger
19354,anger
20058,sadness
16434,sadness
9493,joy
14159,joy
22005,anger
39679,trust
16090,anger
16868,joy
33571,anger
16686,anger
24540,joy
26035,anger
26938,sadness
13329,joy
9599,anger
9246,joy
19431,anger
43643,joy
11373,sadness
26407,joy
27891,anger
17585,anger
24806,anger
33250,sadness
29530,joy
19175,anger
6422,anger
20303,joy
30244,joy
17904,anger
25768,anger
18159,anger
13165,anger
37539,sadness
35335,anger
16865,joy
28789,joy
35875,joy
25319,anger
40732,error
4287,anger
13919,anger
42647,anger
26424,joy
15263,joy
19869,anger
18983,joy
13249,anger
9893,joy
15353,trust
19014,sadness
43987,sadness
15235,joy
12631,joy
44725,sadness
28585,anger
35304,joy
13658,trust
13990,joy
32592,joy
37164,anger
16745,anger
12330,anger
32851,anger
17937,trust
10601,sadness
40801,anger
885,joy
20816,trust
43560,anger
12487,joy
10707,anger
6606,joy
25961,anger
24401,error
7642,anger
15578,anger
14470,joy
24452,joy
22705,joy
7882,sadness
44939,anger
20598,sadness
15817,joy
14260,joy
41476,joy
40224,anger
12821,anger
41127,anger
9208,joy
28190,joy
5576,anger
41758,anger
16042,joy
9149,anger
33223,anger
23824,anger
21354,joy
27431,joy
8850,joy
15816,anger
27842,anger
28895,joy
15721,anger
14369,joy
38267,anger
28353,error
28316,anger
28580,anger
38669,joy
37803,anger
19593,joy
36605,joy
13226,joy
20047,joy
12788,anger
19445,joy
19550,anger
26880,anger
44424,trust
14802,anger
43558,anger
24208,joy
40108,anger
15539,joy
14831,anger
42623,joy
1105,sadness
10323,joy
17513,joy
11345,joy
18460,anger
14634,joy
24363,joy
39773,anger
3602,trust
7706,anger
16857,anger
30704,anger
7145,joy
44606,surprise
27225,joy
22629,anger
15542,joy
21885,anger
11621,joy
34806,joy
44312,anger
26494,joy
5037,anger
29126,joy
43904,anger
12409,joy
19247,anger
20339,joy
26628,trust
11738,sadness
3204,joy
1034,joy
23666,joy
29250,joy
15053,joy
45024,joy
2423,joy
17156,anger
13615,anger
20880,sadness
27907,joy
39145,joy
15744,anger
18684,joy
27406,anger
12714,anger
19758,anger
21788,joy
27331,trust
42175,sadness
15450,anger
13492,anger
25779,trust
1030,joy
33662,anger
15135,joy
21846,anger
14347,anger
18110,joy
16970,sadness
29811,joy
14898,anger
40019,anger
36377,anger
20380,surprise
11662,anger
20075,joy
12593,anger
12853,sadness
8552,sadness
43789,joy
29279,joy
42260,anger
5790,anger
38360,surprise
36115,anger
12890,joy
18732,anger
37717,anger
35079,joy
29203,anger
7837,joy
14148,anger
23816,joy
12657,sadness
38331,joy
36254,trust
39280,joy
38242,joy
22514,anger
15090,anger
41501,anger
22497,joy
26246,anger
14323,joy
14255,joy
12382,joy
4800,joy
23475,sadness
29003,joy
21595,joy
23099,joy
25924,anger
19394,joy
19484,joy
26725,sadness
17566,anger
12024,anger
28976,anger
8264,anger
36105,anger
19329,trust
41795,joy
44497,joy
40982,surprise
4275,joy
39909,anger
1207,anger
43076,anger
12358,anger
14806,anger
25823,joy
24227,joy
35140,anger
22723,anger
31234,joy
14353,anger
28598,anger
44253,anger
12006,anger
34264,sadness
4549,surprise
5321,anger
41206,surprise
14821,joy
16249,anger
39297,error
30749,anger
14845,joy
18632,anger
28597,joy
26910,joy
13972,sadness
23322,joy
30971,anger
32541,joy
15611,anger
14811,anger
13028,anger
18402,anger
22104,anger
28079,anger
38180,sadness
8276,surprise
40323,anger
18277,trust
43035,anger
22208,anger
10806,joy
28656,anger
40835,anger
18184,surprise
9156,joy
44433,joy
22808,trust
23672,joy
36336,anger
23040,sadness
7660,joy
28584,joy
38114,fear
6838,joy
22427,joy
14762,anger
35760,joy
10287,anger
11736,anger
26739,joy
25104,anger
23167,anger
6473,sadness
19271,trust
36300,anger
37701,joy
31810,anger
29032,joy
10272,joy
7294,joy
37606,anger
19000,sadness
10533,sadness
31210,anger
14325,anger
9110,anger
30519,joy
7106,joy
28970,anger
43759,anger
13307,surprise
452,anger
15340,anger
16280,sadness
23692,sadness
3809,joy
41789,joy
25483,anger
13871,trust
31881,anger
34624,anger
11194,anger
6511,anger
6310,joy
14936,joy
24801,sadness
23884,anger
41210,joy
42068,anger
26006,joy
3624,anger
22707,anger
14166,sadness
28608,anger
18074,anger
35291,anger
23437,joy
10656,joy
9744,anger
30984,sadness
31706,anger
7841,anger
26966,error
13499,surprise
45023,anger
16139,sadness
29482,error
30445,error
32511,sadness
17207,anger
17947,joy
34842,error
32438,anger
19121,joy
19487,joy
25158,error
22255,sadness
10754,anger
38882,joy
22575,joy
24215,anger
16966,anger
34929,sadness
20562,anger
7212,joy
40353,anger
19091,joy
19266,joy
16703,anger
14307,joy
41845,surprise
42352,joy
1919,joy
31452,anger
25781,joy
8414,joy
16242,trust
15499,trust
39507,joy
23576,anger
27931,anger
7715,surprise
9145,anger
41877,joy
14306,anger
14236,anger
31059,anger
18846,anger
22061,joy
34234,anger
26046,trust
9941,joy
15636,anger
2994,joy
19561,anger
18621,joy
15735,joy
24379,joy
25621,sadness
41868,joy
14632,anger
22776,anger
41838,joy
42479,joy
15632,joy
10451,anger
14667,joy
31759,sadness
13578,joy
39150,anger
34143,anger
22916,joy
15840,anger
26681,anger
14178,anger
13570,joy
26841,joy
36505,surprise
6140,anger
14834,joy
14070,anger
35124,joy
17083,joy
6713,joy
10953,joy
15552,trust
18389,anger
15852,trust
15952,anger
28699,trust
7246,anger
4735,anger
9323,joy
26773,anger
13444,anger
35732,anger
22982,joy
4142,surprise
10913,anger
35150,anger
28201,error
35671,joy
7885,sadness
16588,anger
13647,surprise
16015,joy
19047,error
26735,joy
44893,anger
4241,anger
19068,anger
16537,sadness
27290,anger
27305,error
14279,anger
29901,joy
1655,anger
15845,trust
14644,joy
26394,joy
18768,joy
29841,anger
22856,fear
16437,anger
19946,joy
16719,joy
18339,anger
26892,joy
32751,anger
15435,joy
37143,joy
24499,joy
19922,joy
32743,anger
27239,anger
42109,anger
23772,joy
28527,surprise
22261,anger
14088,joy
10543,anger
44843,anger
32253,sadness
29752,anger
30024,joy
17236,anger
14157,joy
16697,joy
15762,joy
17260,anger
44517,anger
16091,joy
44137,anger
23914,anger
7508,anger
7649,anger
7337,joy
19933,confusion
12841,anger
31926,anger
17987,anger
12419,surprise
42081,anger
17747,anger
45143,joy
26904,anger
19422,joy
27855,joy
18707,anger
11349,joy
8972,joy
1816,joy
24191,joy
22149,joy
26860,anger
4742,joy
18849,anger
20522,anger
20619,sadness
12072,anger
9052,anger
38498,anger
22745,anger
42938,joy
16232,joy
16039,joy
9271,joy
13650,anger
8334,error
2939,error
10807,joy
21687,trust
23160,sadness
28703,anger
40384,anger
18354,anger
32615,anger
26566,joy
31056,sadness
31533,sadness
1470,anger
16416,anger
11620,joy
8134,anger
33381,trust
24148,anger
17417,joy
30306,joy
14577,anger
24821,trust
20986,joy
33095,joy
28004,anger
7031,joy
30260,anger
21855,trust
20952,joy
40789,joy
44593,joy
39155,sadness
12054,anger
24143,joy
12652,anger
43166,anger
29639,anger
22700,anger
12245,trust
24213,anger
19738,sadness
44947,sadness
31315,surprise
7813,anger
13906,sadness
20425,anger
28525,joy
6921,anger
13241,surprise
16406,anger
26528,anger
18995,joy
7580,anger
15185,anger
10159,anger
16624,anger
43102,joy
29688,trust
27081,joy
34231,anger
18160,joy
43240,fear
27503,joy
15649,joy
28304,joy
37039,joy
10227,anger
21930,anger
17641,anger
28251,anger
41581,joy
16071,trust
16281,joy
4342,joy
25423,anger
7553,joy
16561,sadness
29849,sadness
10874,anger
14553,joy
30080,anger
22458,trust
14955,trust
36858,joy
3195,joy
42761,sadness
31243,joy
19801,joy
5452,joy
34641,sadness
27018,trust
14889,anger
21150,fear
24457,joy
38785,surprise
28730,sadness
35035,joy
20003,trust
34258,joy
5675,joy
14707,anger
42026,sadness
5335,joy
35946,anger
42112,anger
20355,joy
11303,sadness
9659,joy
28240,anger
22716,anger
26117,anger
3215,joy
11646,joy
23007,anger
16570,anger
15962,anger
38934,joy
26359,joy
14282,anger
16846,anger
24944,joy
348,anger
32559,joy
29569,joy
32424,joy
17646,anger
24809,anger
22798,joy
27190,joy
18980,anger
20447,sadness
4740,anger
5888,sadness
39047,joy
17042,anger
33175,anger
5213,surprise
14240,joy
38107,joy
39837,anger
30216,anger
8256,anger
6667,joy
20683,trust
2376,joy
22510,trust
31657,anger
24539,joy
14089,trust
8689,anger
33131,joy
9087,joy
24042,anger
17858,sadness
26579,anger
36452,anger
43861,joy
42442,joy
36598,joy
8922,anger
39880,sadness
24145,anger
36872,anger
1148,anger
13199,joy
35899,joy
33507,anger
18388,anger
35637,joy
18906,anger
22091,sadness
6497,anger
8174,anger
7447,sadness
34730,joy
20759,surprise
7941,sadness
15080,joy
8859,joy
39831,joy
14935,anger
6459,joy
4350,joy
12770,fear
34082,sadness
26345,joy
41584,sadness
15800,joy
26707,anger
2982,joy
11705,anger
23885,anger
39997,anger
1420,joy
10105,anger
6266,surprise
43039,joy
20159,anger
44065,anger
30432,trust
22047,trust
17630,anger
19701,anger
32748,anger
22620,surprise
14489,anger
1276,error
8146,anger
7968,anger
23143,error
895,anger
44362,trust
26170,joy
36856,anger
6104,anger
33032,anger
37022,anger
7969,anger
13390,anger
6200,anger
13711,trust
30890,joy
31968,sadness
6186,anger
20613,joy
42180,sadness
33255,anger
19890,anger
6539,anger
651,anger
22173,joy
18879,sadness
37267,joy
35924,anger
41738,anger
6936,anger
30294,error
35909,sadness
18940,sadness
17391,anger
5535,joy
17191,anger
11726,joy
362,sadness
28915,anger
40038,joy
7259,joy
24544,joy
37524,anger
809,anger
29019,joy
42618,anger
9406,sadness
21980,anger
21596,anger
21032,joy
23742,anger
30132,anger
36532,joy
22602,joy
15739,anger
33406,anger
28697,joy
28954,anger
37552,joy
43311,joy
23317,sadness
22517,anger
33671,anger
10020,fear
44823,surprise
45,sadness
39840,anger
25922,anger
25521,sadness
20073,anger
12711,joy
30153,anger
9754,joy
31939,surprise
41919,anger
37248,anger
28698,surprise
28502,anger
19781,anger
19822,joy
34271,sadness
19935,trust
38411,joy
22370,joy
23512,joy
22594,joy
44218,joy
6676,error
1453,anger
13081,anger
34471,joy
29863,anger
37189,trust
13979,anger
45083,sadness
32062,joy
41112,anger
17701,sadness
26531,anger
20089,trust
42731,surprise
33872,anger
23853,surprise
28772,joy
17541,joy
3726,anger
42705,anger
27221,anger
44109,anger
39549,anger
12240,anger
12218,anger
22339,joy
6041,trust
18836,joy
19156,anger
39276,sadness
9592,sadness
39311,anger
31284,anger
29925,trust
42658,trust
15953,anger
41925,anger
22482,anger
41463,joy
23712,sadness
20540,joy
41630,joy
8961,anger
33824,joy
22239,joy
43182,trust
36534,joy
13558,joy
8284,joy
17750,anger
32897,trust
28475,joy
16538,joy
797,anger
24328,sadness
26226,trust
44966,joy
35563,anger
876,joy
24574,joy
13917,anger
42615,anger
34232,sadness
23324,anger
9164,anger
31160,joy
42655,sadness
19734,joy
7610,joy
26029,joy
6820,anger
4426,anger
1858,joy
18128,joy
19927,anger
44552,anger
5803,anger
11388,anger
2705,anger
6608,joy
15342,trust
20843,anger
26101,anger
17705,error
29224,error
43920,error
9338,anger
14448,joy
8404,anger
29721,anger
19708,anger
15186,joy
35302,joy
34654,joy
10653,joy
3706,anger
15943,anger
12863,joy
20057,joy
31342,anger
30234,joy
44921,joy
41223,trust
13004,joy
15535,anger
26949,joy
10839,anger
20257,surprise
9903,anger
40710,joy
3587,joy
24759,anger
5193,joy
30345,joy
16786,joy
28827,surprise
5433,anger
16511,anger
15863,joy
33689,joy
17424,anger
13033,joy
23159,joy
38248,joy
34123,joy
27038,anger
15410,trust
30604,anger
7236,anger
16294,joy
16247,joy
11333,anger
16744,sadness
9111,anger
33539,joy
21115,sadness
15774,anger
19313,joy
36240,joy
16306,anger
32654,joy
17647,anger
39675,joy
34743,anger
21960,joy
26058,joy
43078,trust
42789,anger
28265,anger
31405,anger
15985,anger
22825,joy
13855,joy
23574,joy
42361,trust
4999,joy
22132,anger
27777,surprise
2910,joy
27185,joy
42140,anger
19087,anger
9315,joy
1448,anger
11124,anger
15884,anger
6720,anger
23060,joy
23175,trust
17484,anger
16000,joy
4507,joy
16412,anger
44130,anger
9677,sadness
14018,anger
34372,anger
39343,joy
8982,surprise
11982,joy
13326,joy
44309,joy
11156,anger
16387,joy
22076,joy
28059,anger
39173,anger
29488,joy
1335,sadness
17430,anger
37885,anger
3151,fear
17999,joy
30670,joy
11858,joy
16035,anger
22010,anger
6055,joy
29326,anger
6484,anger
18805,joy
33886,surprise
36455,anger
20907,joy
26539,sadness
30444,trust
19191,sadness
21563,anger
38844,anger
37312,anger
27376,anger
21077,anger
16861,trust
20659,trust
18028,anger
13532,joy
11976,surprise
27118,anger
17406,joy
33239,anger
15417,anger
39197,sadness
37088,joy
33212,anger
1674,sadness
23111,anger
35880,anger
21240,joy
26060,anger
37666,joy
22571,joy
21936,anger
21001,joy
30804,anger
42405,anger
31628,anger
16573,anger
10169,joy
19199,anger
23273,joy
27268,sadness
16160,anger
19448,anger
18793,joy
29787,joy
18730,joy
14458,joy
6088,joy
23482,anger
33464,joy
23436,joy
24466,joy
44032,anger
25382,anger
1845,trust
30513,anger
27951,anger
5118,joy
33462,anger
24178,joy
17408,sadness
28076,joy
11438,anger
23473,anger
23360,sadness
13183,anger
37790,anger
20827,error
35784,anger
41820,sadness
23725,joy
15221,joy
38683,anger
18981,anger
3129,joy
20334,anger
22570,joy
22332,joy
13823,joy
28808,trust
5332,anger
39678,anger
22051,joy
36472,anger
16188,joy
26467,anger
24369,joy
40521,surprise
19184,joy
42370,joy
15706,trust
41909,anger
26070,anger
6534,joy
24046,anger
7802,anger
2909,joy
35554,joy
27111,anger
17049,anger
5897,anger
13940,sadness
6291,sadness
14362,joy
12745,joy
36479,anger
5584,joy
11143,joy
42150,joy
26258,anger
17164,joy
157,error
16984,surprise
15965,anger
3658,anger
28223,anger
23594,sadness
19901,anger
37678,anger
22315,anger
41017,joy
25520,joy
14817,anger
27987,joy
39818,anger
30937,joy
13667,anger
23879,anger
40496,anger
19675,joy
1494,sadness
23945,trust
26553,joy
14918,joy
1797,anger
1786,anger
26601,anger
15148,anger
21318,joy
20044,anger
40020,sadness
26769,anger
32488,error
15380,trust
18835,joy
26762,sadness
29410,joy
34195,joy
33762,sadness
42054,joy
13217,anger
19643,joy
23179,joy
44572,joy
27752,anger
17633,sadness
9329,anger
704,joy
7115,joy
20079,anger
14463,surprise
9502,anger
12935,anger
23400,joy
25742,anger
12443,anger
4825,surprise
23420,joy
23090,anger
8037,anger
31112,trust
30713,joy
15407,anger
18482,anger
28632,anger
22037,anger
25076,surprise
1574,anger
10413,anger
26660,sadness
28513,error
17363,anger
16063,joy
19321,error
43456,joy
38431,joy
7712,anger
5216,trust
20305,joy
15376,anger
24193,anger
28355,anger
37374,anger
39098,joy
20874,anger
33890,trust
16310,joy
5944,anger
13102,anger
15771,anger
28014,anger
17907,anger
19029,joy
6048,joy
39881,joy
22490,anger
18987,anger
36840,anger
14061,joy
26885,anger
11245,anger
41774,joy
40285,joy
39944,joy
20382,anger
45144,joy
22333,joy
16530,anger
6206,sadness
19129,joy
17119,anger
38559,joy
26165,joy
15950,surprise
40598,joy
1432,anger
35238,joy
33402,joy
41533,joy
26128,anger
41814,anger
5017,anger
14559,anger
14674,joy
3665,anger
37864,joy
38437,anger
14859,anger
19214,joy
39669,joy
22250,anger
40422,anger
15249,anger
39080,anger
16763,anger
18580,joy
16704,anger
45118,anger
44615,joy
4344,anger
20634,joy
22306,anger
15770,error
13922,trust
34198,anger
21909,joy
28459,anger
11853,anger
77,anger
11964,anger
17077,joy
11841,joy
38860,joy
9275,anger
18826,anger
33821,anger
14367,joy
27964,anger
13001,joy
10834,anger
10842,anger
1013,anger
18086,joy
14407,joy
19112,anger
34288,anger
26723,joy
33525,joy
15607,anger
28057,trust
12380,joy
9258,anger
15461,anger
27542,anger
37477,sadness
17231,joy
26490,joy
8963,sadness
44779,anger
27003,anger
26392,joy
8569,anger
9978,anger
7582,sadness
7044,joy
6971,anger
42717,joy
36245,anger
30179,joy
5173,anger
37270,joy
39419,joy
5688,error
36256,joy
18796,anger
35265,error
10560,anger
19416,anger
8083,joy
16476,anger
32482,anger
40552,anger
10124,anger
18620,joy
7069,surprise
14399,joy
32010,anger
22001,joy
15236,joy
40235,anger
42691,anger
28965,joy
20606,anger
43688,joy
28643,anger
22623,anger
3625,anger
12173,joy
24469,anger
9189,anger
31271,anger
40096,anger
32790,anger
16059,anger
12886,anger
36619,joy
29756,surprise
28888,anger
23042,joy
42873,joy
35974,joy
36772,sadness
21028,fear
6854,joy
35959,anger
15169,anger
19435,anger
41451,surprise
9402,joy
14492,anger
8220,anger
43992,anger
38462,anger
16994,joy
15323,joy
26388,anger
24090,joy
40274,joy
19185,joy
41735,anger
7318,trust
19473,anger
6666,trust
12993,joy
3756,joy
16924,anger
1247,joy
26198,joy
3599,anger
11894,anger
16748,joy
5711,anger
10576,anger
21040,anger
14502,anger
20674,joy
34854,joy
35319,joy
5701,trust
18055,anger
37500,anger
28650,sadness
12928,joy
41941,joy
19888,anger
28114,surprise
27137,anger
14694,trust
9365,joy
21818,joy
26472,anger
7551,anger
12627,anger
31554,joy
42119,joy
26592,joy
43096,trust
9642,joy
14336,joy
8188,joy
13135,anger
14892,anger
20104,anger
17512,anger
31910,joy
15269,anger
43148,joy
6804,anger
7987,joy
42194,trust
14804,joy
28943,anger
36690,anger
27087,anger
8772,anger
29817,joy
37363,anger
20528,joy
40649,anger
15050,joy
18703,joy
10979,anger
24353,anger
26746,anger
38786,joy
6542,joy
32274,anger
29916,joy
13223,anger
27437,trust
37742,anger
21053,anger
19515,anger
42642,anger
1911,surprise
43563,joy
13861,anger
15703,joy
16460,anger
34224,joy
16611,anger
16678,anger
18111,joy
11019,anger
45132,trust
22022,sadness
7420,anger
5621,joy
44187,trust
22279,joy
29405,joy
25579,anger
29711,surprise
28008,anger
34750,joy
14716,anger
28227,joy
34660,anger
27465,sadness
17246,joy
26142,joy
22326,anger
10667,anger
12786,anger
38819,joy
27825,anger
34357,anger
26915,anger
880,joy
14475,joy
19055,anger
12909,anger
27173,anger
34735,error
15443,sadness
11617,anger
14438,anger
13209,joy
14081,anger
14192,anger
26816,sadness
19984,anger
18771,anger
28907,anger
26443,joy
11645,joy
16225,anger
44897,joy
5633,anger
35524,anger
9284,joy
27120,anger
10043,anger
14880,sadness
11734,joy
3361,sadness
14749,joy
20020,error
26403,joy
36984,anger
24588,joy
44220,anger
37978,joy
17335,anger
25656,anger
44024,sadness
11189,joy
28770,joy
43540,surprise
19248,anger
23871,joy
33650,anger
21697,anger
8973,anger
36740,anger
6853,anger
5869,anger
4092,joy
43437,trust
21972,joy
41565,anger
23492,joy
39883,joy
28308,anger
34405,anger
22424,joy
12235,joy
12229,trust
939,anger
27292,joy
10089,joy
1128,joy
7320,anger
28315,anger
7231,anger
19150,anger
13626,joy
25660,joy
19750,sadness
22962,joy
41149,surprise
13100,trust
13194,joy
15316,joy
32786,anger
35806,anger
30995,anger
38936,anger
8067,anger
22063,joy
32844,error
15767,anger
27327,trust
19637,joy
24413,joy
24794,joy
13791,anger
20496,anger
35871,anger
28163,joy
25914,trust
39915,anger
1664,anger
23953,trust
36002,anger
17283,anger
3010,joy
14142,joy
41915,anger
30835,surprise
37145,joy
29317,anger
9600,anger
7793,anger
23677,sadness
19771,joy
40620,trust
12665,sadness
6376,trust
35072,anger
2600,surprise
26698,trust
21547,joy
28720,joy
24697,sadness
20480,anger
13079,anger
23355,joy
39654,anger
20101,sadness
19096,joy
2693,joy
38556,anger
28413,sadness
30011,joy
25171,joy
23889,anger
13767,joy
28962,joy
26942,anger
17003,joy
16106,anger
25637,anger
30275,joy
25640,anger
25388,anger
33428,anger
42214,sadness
28664,anger
28876,anger
16517,surprise
34859,joy
16146,joy
11951,joy
8574,anger
20567,joy
19460,anger
4201,anger
43626,trust
7556,joy
28886,joy
15453,anger
3768,sadness
28003,joy
28554,error
43594,error
35473,error
26012,joy
13571,joy
28019,anger
36746,joy
8517,joy
35530,anger
24052,anger
35790,anger
26031,anger
22454,anger
15904,anger
15656,sadness
18116,surprise
19123,joy
17369,anger
21086,anger
22265,joy
21988,sadness
26323,joy
23679,anger
41548,anger
26813,anger
5589,trust
13265,joy
19567,error
41436,anger
29147,trust
28314,anger
14099,joy
7730,joy
9656,joy
34719,anger
15381,joy
5937,joy
7048,trust
14409,joy
35409,joy
15608,anger
17437,joy
28835,anger
7801,fear
21903,anger
39938,sadness
33146,joy
24661,joy
23054,error
44772,anger
28186,anger
43909,joy
23765,joy
11943,anger
39307,anger
28432,joy
16121,joy
14003,sadness
13026,anger
8270,anger
12482,anger
40820,anger
28651,anger
25860,joy
6526,sadness
23948,anger
40699,anger
39552,anger
41574,anger
15303,anger
14245,joy
13210,error
4950,anger
28977,anger
512,anger
38727,anger
1747,joy
15865,anger
31042,anger
31537,joy
22996,anger
18745,joy
18508,sadness
12789,joy
26616,error
22220,joy
23545,surprise
36597,joy
30669,anger
29782,anger
39089,joy
33746,anger
28864,anger
13789,joy
18495,joy
39077,anger
26899,joy
29319,joy
4568,joy
32342,anger
22089,joy
32460,joy
17144,anger
29983,anger
15918,joy
39897,joy
16933,anger
23211,trust
9680,joy
3881,anger
24117,anger
19171,joy
30299,joy
13505,sadness
37571,sadness
31743,anger
5190,anger
42704,joy
30508,joy
23707,anger
38427,joy
14771,anger
21358,joy
40967,surprise
42956,sadness
4216,joy
4887,anger
32657,sadness
39977,anger
32077,trust
4041,joy
15960,anger
28063,anger
14094,joy
6130,joy
7817,anger
43738,joy
18784,anger
23056,joy
7129,anger
38434,fear
3098,anger
38947,anger
9107,joy
34475,joy
16405,anger
37723,sadness
27035,joy
35248,joy
21768,anger
30737,joy
9697,anger
10634,anger
19317,joy
16780,trust
18997,joy
36546,anger
28164,joy
43257,anger
28569,anger
18263,anger
20112,joy
27206,joy
17579,anger
10624,joy
20974,joy
19188,joy
34387,anger
26857,anger
44002,anger
4148,joy
40978,joy
16223,trust
26573,anger
24058,joy
44223,joy
37838,anger
5255,sadness
9146,joy
3817,joy
13986,joy
35130,trust
12736,joy
9298,anger
31943,joy
29280,anger
22300,surprise
26356,joy
23937,joy
28130,joy
14846,fear
18224,anger
42202,anger
7995,joy
2615,anger
21995,trust
15924,joy
45117,joy
22066,joy
16067,anger
26517,anger
25997,anger
17350,anger
24205,anger
2077,anger
16757,joy
19989,joy
40356,trust
23880,anger
38159,trust
6362,joy
26507,joy
38074,anger
27396,anger
15708,joy
20051,trust
6230,anger
41411,anger
5072,anger
3293,joy
1604,surprise
39166,trust
26259,error
21761,anger
25889,anger
17664,sadness
35338,joy
20338,joy
39290,anger
42357,fear
6321,joy
5806,anger
35036,joy
24404,anger
9545,sadness
30041,joy
18296,joy
30598,sadness
19168,anger
30781,joy
16915,joy
36175,anger
10226,anger
24774,anger
28518,joy
16033,joy
22530,anger
14444,sadness
35533,joy
14752,joy
15424,joy
20028,anger
4578,surprise
3992,sadness
17414,anger
23148,anger
19375,joy
27723,joy
24388,sadness
27318,trust
25668,anger
17132,anger
26244,joy
37467,joy
21608,anger
38459,anger
2050,trust
36741,anger
14860,anger
14154,joy
4006,anger
33995,trust
26161,anger
38593,joy
20268,joy
22596,anger
16008,anger
13704,anger
12167,anger
17218,joy
22456,sadness
26674,anger
37715,joy
6823,sadness
21929,joy
40596,joy
11634,anger
8092,anger
22414,joy
13009,joy
19690,joy
11317,joy
27484,joy
3336,joy
26122,joy
19506,anger
5577,joy
5390,anger
26831,joy
13531,joy
5410,error
28192,joy
22787,error
569,trust
28350,joy
21461,anger
36779,joy
5146,anger
18095,anger
7777,sadness
3803,anger
29107,sadness
17243,surprise
44015,anger
16060,anger
5102,anger
13895,sadness
32463,sadness
37499,anger
30261,trust
13014,joy
27126,joy
30054,anger
26516,joy
39671,joy
7927,joy
7647,joy
15592,trust
13747,anger
7221,trust
28825,anger
20988,anger
16244,joy
21503,anger
16690,anger
35654,joy
42480,anger
23665,sadness
40382,joy
22968,joy
10187,anger
41122,joy
43141,sadness
9341,anger
25361,anger
12941,joy
44685,error
18697,joy
15254,anger
38098,anger
14258,error
36118,anger
18934,anger
7899,error
18469,error
23584,joy
22105,anger
29515,joy
21790,joy
43285,joy
31187,trust
44102,joy
17493,anger
19614,joy
34818,anger
20479,joy
44663,joy
19161,sadness
7386,joy
33873,joy
24612,joy
28929,anger
8259,anger
23823,joy
942,joy
11996,anger
11983,joy
41613,trust
19278,anger
27351,joy
1539,sadness
19202,joy
25116,surprise
21378,anger
23975,joy
28607,joy
29086,anger
28051,joy
33940,anger
10162,anger
14484,anger
35618,joy
1608,anger
4191,joy
28619,sadness
20787,joy
29425,anger
8617,anger
28722,joy
26225,sadness
1025,anger
39643,anger
27371,anger
28197,joy
26042,joy
30144,anger
16480,anger
37778,joy
15165,trust
39739,anger
13461,joy
28568,anger
43955,anger
38387,joy
27279,anger
23403,joy
10960,anger
31190,anger
13994,error
29334,sadness
19936,anger
28411,joy
24338,anger
29313,sadness
37709,anger
24167,joy
44076,joy
10379,sadness
14000,anger
17514,anger
22760,anger
9559,trust
7149,joy
35576,anger
8158,joy
11299,anger
16068,anger
23067,anger
28768,anger
12556,joy
37878,anger
24607,joy
15156,anger
32995,sadness
32597,anger
24822,anger
19424,joy
26526,anger
22133,joy
32282,anger
2567,surprise
2673,anger
16022,anger
2285,joy
6565,trust
13475,joy
7450,joy
28108,joy
8952,joy
40929,joy
26726,anger
36863,joy
20905,anger
10731,trust
7495,trust
20733,joy
7653,anger
17113,error
16729,anger
12836,joy
404,joy
4354,error
5025,joy
24112,joy
16826,joy
20783,anger
27155,joy
23119,anger
41923,anger
21403,anger
36901,anger
3712,sadness
9084,anger
26575,surprise
39162,joy
32180,trust
18453,anger
18782,trust
40984,anger
24279,joy
19765,anger
12893,anger
41368,joy
35293,sadness
17465,joy
11737,anger
9764,anger
38621,joy
11408,anger
23726,anger
40354,anger
42625,anger
19580,joy
8989,joy
8407,joy
29278,anger
22238,sadness
28430,trust
44151,joy
15978,joy
5345,joy
7030,anger
7204,error
38884,error
30514,error
8987,error
27449,error
32627,error
7114,error
24088,error
27321,error
23857,error
21103,error
18907,error
38662,error
31667,error
5849,error
32365,error
2426,error
35467,error
37659,error
23244,error
34303,error
19552,error
10848,error
22348,error
9033,error
36857,error
27211,error
28377,error
22708,error
13208,error
9700,error
15695,error
16637,error
21897,error
15428,error
44605,error
3480,error
11431,error
30721,error
28081,error
3917,anger
16362,trust
1069,joy
45108,error
1164,anger
28272,sadness
19273,anger
7976,trust
24250,error
10417,error
19757,error
16110,error
15621,error
16185,error
38817,error
26026,error
41031,error
2590,error
19109,error
37935,error
38822,error
15934,error
12931,trust
27539,anger
16006,error
36238,anger
11113,joy
18061,joy
42523,error
31265,error
26404,error
43420,error
34096,error
11330,error
16957,error
25895,error
28588,error
36111,error
18813,error
12260,error
25626,error
7186,error
33149,trust
10598,trust
24420,joy
34103,anger
4975,anger
14519,error
28066,error
24506,error
44608,joy
15827,anger
805,error
17095,error
38505,error
40939,error
32759,error
10715,error
13516,error
25571,error
33679,error
38001,error
12681,error
35935,error
16455,joy
26401,joy
5412,joy
41766,error
22404,error
43160,error
28232,error
11058,surprise
27547,anger
40655,error
41400,anger
33065,error
30103,error
13958,error
11816,anger
28216,anger
17763,error
34182,error
41821,error
8278,error
26477,error
10245,error
22449,error
24799,error
20309,error
22094,anger
26733,sadness
39432,error
5641,error
10099,joy
40558,anger
12666,anger
9727,error
45195,error
22419,error
27724,error
29547,anger
37067,surprise
28956,error
12929,error
22491,error
39591,error
17820,error
39369,error
6973,error
28865,error
13124,error
3735,surprise
44954,error
20652,anger
29011,error
16043,error
16011,anger
35643,joy
31350,error
11445,error
38323,error
7967,anger
26022,joy
22518,sadness
6018,sadness
26916,error
37385,error
7822,error
22275,error
27722,error
14291,error
17616,error
36272,error
5626,error
37381,error
26867,joy
20509,anger
35358,error
20876,error
22000,error
14735,error
8032,anger
36820,joy
14224,anger
19700,trust
30326,error
18227,error
37061,error
32582,error
26016,error
6969,error
12312,error
44575,error
10765,error
37210,anger
17631,anger
17868,error
27410,error
27340,error
26652,error
30753,fear
15256,sadness
29211,error
28987,error
8277,error
5012,error
22153,error
21816,error
13212,joy
35444,joy
44037,error
30102,error
24473,error
41029,error
15182,joy
22777,joy
7592,anger
41569,error
6818,error
9772,error
43687,error
20346,error
14296,anger
29329,anger
26159,error
27201,error
9536,error
23904,error
22118,error
12871,anger
9858,joy
40279,error
21977,error
6755,error
16117,error
41026,sadness
4762,anger
13639,error
26383,error
22719,error
27382,error
28124,sadness
4712,error
4312,trust
22761,error
19084,error
17897,error
44280,error
26110,error
21602,anger
19527,anger
43111,error
23291,error
26552,error
43045,error
2462,error
3083,sadness
26760,anger
27398,error
26418,error
24963,joy
13246,anger
2386,anger
38091,error
16803,error
17708,error
21910,error
13065,error
20959,error
35494,sadness
15329,error
5396,error
29077,error
1168,error
3228,anger
7942,anger
36466,error
30620,error
29006,error
22309,error
21769,joy
13158,anger
2190,error
38762,error
14650,error
10375,error
8941,joy
22699,joy
42544,error
669,error
12916,joy
2242,error
14063,error
6510,error
14396,joy
29417,joy
15553,error
36009,error
28052,error
28250,error
19192,error
19996,error
26439,error
16700,anger
33766,anger
17082,error
28091,error
5010,error
25727,anger
36606,anger
27879,error
45116,error
22569,joy
19166,anger
12758,error
23181,error
6187,error
9940,error
20293,error
12190,error
42338,error
15631,error
16814,error
37054,anger
22026,joy
16347,error
28258,error
23810,error
14868,error
11003,joy
29872,joy
27452,error
16272,error
6297,error
14682,anger
18579,anger
11697,error
44221,error
25201,anger
19730,error
15577,anger
19406,error
14031,error
42142,error
45028,error
10459,error
11205,error
14138,error
24080,joy
34420,anger
44356,joy
36504,error
28870,error
28225,error
26093,error
19216,anger
35421,error
36753,joy
22511,joy
7852,error
27981,error
13850,error
21298,anger
32352,error
9549,error
19474,error
27548,error
30894,error
13291,error
5044,joy
38451,anger
18726,error
18725,error
